raw_acc:magnitude_stats:mean,raw_acc:magnitude_stats:std,raw_acc:magnitude_stats:moment3,raw_acc:magnitude_stats:moment4,raw_acc:magnitude_stats:percentile25,raw_acc:magnitude_stats:percentile50,raw_acc:magnitude_stats:percentile75,raw_acc:magnitude_stats:value_entropy,raw_acc:magnitude_stats:time_entropy,raw_acc:magnitude_spectrum:log_energy_band0,raw_acc:magnitude_spectrum:log_energy_band1,raw_acc:magnitude_spectrum:log_energy_band2,raw_acc:magnitude_spectrum:log_energy_band3,raw_acc:magnitude_spectrum:log_energy_band4,raw_acc:magnitude_spectrum:spectral_entropy,raw_acc:magnitude_autocorrelation:period,raw_acc:magnitude_autocorrelation:normalized_ac,raw_acc:3d:mean_x,raw_acc:3d:mean_y,raw_acc:3d:mean_z,raw_acc:3d:std_x,raw_acc:3d:std_y,raw_acc:3d:std_z,raw_acc:3d:ro_xy,raw_acc:3d:ro_xz,raw_acc:3d:ro_yz,proc_gyro:magnitude_stats:mean,proc_gyro:magnitude_stats:std,proc_gyro:magnitude_stats:moment3,proc_gyro:magnitude_stats:moment4,proc_gyro:magnitude_stats:percentile25,proc_gyro:magnitude_stats:percentile50,proc_gyro:magnitude_stats:percentile75,proc_gyro:magnitude_stats:value_entropy,proc_gyro:magnitude_stats:time_entropy,proc_gyro:magnitude_spectrum:log_energy_band0,proc_gyro:magnitude_spectrum:log_energy_band1,proc_gyro:magnitude_spectrum:log_energy_band2,proc_gyro:magnitude_spectrum:log_energy_band3,proc_gyro:magnitude_spectrum:log_energy_band4,proc_gyro:magnitude_spectrum:spectral_entropy,proc_gyro:magnitude_autocorrelation:period,proc_gyro:magnitude_autocorrelation:normalized_ac,proc_gyro:3d:mean_x,proc_gyro:3d:mean_y,proc_gyro:3d:mean_z,proc_gyro:3d:std_x,proc_gyro:3d:std_y,proc_gyro:3d:std_z,proc_gyro:3d:ro_xy,proc_gyro:3d:ro_xz,proc_gyro:3d:ro_yz,raw_magnet:magnitude_stats:mean,raw_magnet:magnitude_stats:std,raw_magnet:magnitude_stats:moment3,raw_magnet:magnitude_stats:moment4,raw_magnet:magnitude_stats:percentile25,raw_magnet:magnitude_stats:percentile50,raw_magnet:magnitude_stats:percentile75,raw_magnet:magnitude_stats:value_entropy,raw_magnet:magnitude_stats:time_entropy,raw_magnet:magnitude_spectrum:log_energy_band0,raw_magnet:magnitude_spectrum:log_energy_band1,raw_magnet:magnitude_spectrum:log_energy_band2,raw_magnet:magnitude_spectrum:log_energy_band3,raw_magnet:magnitude_spectrum:log_energy_band4,raw_magnet:magnitude_spectrum:spectral_entropy,raw_magnet:magnitude_autocorrelation:period,raw_magnet:magnitude_autocorrelation:normalized_ac,raw_magnet:3d:mean_x,raw_magnet:3d:mean_y,raw_magnet:3d:mean_z,raw_magnet:3d:std_x,raw_magnet:3d:std_y,raw_magnet:3d:std_z,raw_magnet:3d:ro_xy,raw_magnet:3d:ro_xz,raw_magnet:3d:ro_yz,raw_magnet:avr_cosine_similarity_lag_range0,raw_magnet:avr_cosine_similarity_lag_range1,raw_magnet:avr_cosine_similarity_lag_range2,raw_magnet:avr_cosine_similarity_lag_range3,raw_magnet:avr_cosine_similarity_lag_range4,watch_acceleration:magnitude_stats:mean,watch_acceleration:magnitude_stats:std,watch_acceleration:magnitude_stats:moment3,watch_acceleration:magnitude_stats:moment4,watch_acceleration:magnitude_stats:percentile25,watch_acceleration:magnitude_stats:percentile50,watch_acceleration:magnitude_stats:percentile75,watch_acceleration:magnitude_stats:value_entropy,watch_acceleration:magnitude_stats:time_entropy,watch_acceleration:magnitude_spectrum:log_energy_band0,watch_acceleration:magnitude_spectrum:log_energy_band1,watch_acceleration:magnitude_spectrum:log_energy_band2,watch_acceleration:magnitude_spectrum:log_energy_band3,watch_acceleration:magnitude_spectrum:log_energy_band4,watch_acceleration:magnitude_spectrum:spectral_entropy,watch_acceleration:magnitude_autocorrelation:period,watch_acceleration:magnitude_autocorrelation:normalized_ac,watch_acceleration:3d:mean_x,watch_acceleration:3d:mean_y,watch_acceleration:3d:mean_z,watch_acceleration:3d:std_x,watch_acceleration:3d:std_y,watch_acceleration:3d:std_z,watch_acceleration:3d:ro_xy,watch_acceleration:3d:ro_xz,watch_acceleration:3d:ro_yz,watch_acceleration:spectrum:x_log_energy_band0,watch_acceleration:spectrum:x_log_energy_band1,watch_acceleration:spectrum:x_log_energy_band2,watch_acceleration:spectrum:x_log_energy_band3,watch_acceleration:spectrum:x_log_energy_band4,watch_acceleration:spectrum:y_log_energy_band0,watch_acceleration:spectrum:y_log_energy_band1,watch_acceleration:spectrum:y_log_energy_band2,watch_acceleration:spectrum:y_log_energy_band3,watch_acceleration:spectrum:y_log_energy_band4,watch_acceleration:spectrum:z_log_energy_band0,watch_acceleration:spectrum:z_log_energy_band1,watch_acceleration:spectrum:z_log_energy_band2,watch_acceleration:spectrum:z_log_energy_band3,watch_acceleration:spectrum:z_log_energy_band4,watch_acceleration:relative_directions:avr_cosine_similarity_lag_range0,watch_acceleration:relative_directions:avr_cosine_similarity_lag_range1,watch_acceleration:relative_directions:avr_cosine_similarity_lag_range2,watch_acceleration:relative_directions:avr_cosine_similarity_lag_range3,watch_acceleration:relative_directions:avr_cosine_similarity_lag_range4,watch_heading:mean_cos,watch_heading:std_cos,watch_heading:mom3_cos,watch_heading:mom4_cos,watch_heading:mean_sin,watch_heading:std_sin,watch_heading:mom3_sin,watch_heading:mom4_sin,watch_heading:entropy_8bins,location:num_valid_updates,location:log_latitude_range,location:log_longitude_range,location:min_altitude,location:max_altitude,location:min_speed,location:max_speed,location:best_horizontal_accuracy,location:best_vertical_accuracy,location:diameter,location:log_diameter,location_quick_features:std_lat,location_quick_features:std_long,location_quick_features:lat_change,location_quick_features:long_change,location_quick_features:mean_abs_lat_deriv,location_quick_features:mean_abs_long_deriv,audio_naive:mfcc0:mean,audio_naive:mfcc1:mean,audio_naive:mfcc2:mean,audio_naive:mfcc3:mean,audio_naive:mfcc4:mean,audio_naive:mfcc5:mean,audio_naive:mfcc6:mean,audio_naive:mfcc7:mean,audio_naive:mfcc8:mean,audio_naive:mfcc9:mean,audio_naive:mfcc10:mean,audio_naive:mfcc11:mean,audio_naive:mfcc12:mean,audio_naive:mfcc0:std,audio_naive:mfcc1:std,audio_naive:mfcc2:std,audio_naive:mfcc3:std,audio_naive:mfcc4:std,audio_naive:mfcc5:std,audio_naive:mfcc6:std,audio_naive:mfcc7:std,audio_naive:mfcc8:std,audio_naive:mfcc9:std,audio_naive:mfcc10:std,audio_naive:mfcc11:std,audio_naive:mfcc12:std,audio_properties:max_abs_value,audio_properties:normalization_multiplier,discrete:app_state:is_active,discrete:app_state:is_inactive,discrete:app_state:is_background,discrete:app_state:missing,discrete:battery_plugged:is_ac,discrete:battery_plugged:is_usb,discrete:battery_plugged:is_wireless,discrete:battery_plugged:missing,discrete:battery_state:is_unknown,discrete:battery_state:is_unplugged,discrete:battery_state:is_not_charging,discrete:battery_state:is_discharging,discrete:battery_state:is_charging,discrete:battery_state:is_full,discrete:battery_state:missing,discrete:on_the_phone:is_False,discrete:on_the_phone:is_True,discrete:on_the_phone:missing,discrete:ringer_mode:is_normal,discrete:ringer_mode:is_silent_no_vibrate,discrete:ringer_mode:is_silent_with_vibrate,discrete:ringer_mode:missing,discrete:wifi_status:is_not_reachable,discrete:wifi_status:is_reachable_via_wifi,discrete:wifi_status:is_reachable_via_wwan,discrete:wifi_status:missing,lf_measurements:light,lf_measurements:pressure,lf_measurements:proximity_cm,lf_measurements:proximity,lf_measurements:relative_humidity,lf_measurements:battery_level,lf_measurements:screen_brightness,lf_measurements:temperature_ambient,discrete:time_of_day:between0and6,discrete:time_of_day:between3and9,discrete:time_of_day:between6and12,discrete:time_of_day:between9and15,discrete:time_of_day:between12and18,discrete:time_of_day:between15and21,discrete:time_of_day:between18and24,discrete:time_of_day:between21and3,labels
0.002649154,0.000769747,0.000869596,0.001074611,0.005796296,0.003058335,0.004307382,0.00105418,0.000422849,0.000705138,0.001378936,0.001325278,0.000919725,0.004910752,0.00074043,0.000922874,0.001402006,0.013021637,0.009445242,0.013002689,0.008566009,0.011079254,0.002036987,0.001415662,0.001113551,0.001805636,0.001076589,0.000714909,0.001098953,0.000924228,0.001467004,0.001297977,0.001344726,0.002049589,0.001794953,0.000987655,0.000852579,0.00083243,0.000769876,0.001174479,0.001061375,0.0006209,0.000736501,0.001370171,0.001334508,0.007955595,0.001276257,0.002324833,0.002055587,0.002072193,0.001196843,0.001661708,0.003943618,0.000753803,0.00087189,0.000764532,0.004369974,0.004417111,0.004987083,0.000783126,0.001404774,0.000552149,0.000670455,0.000787884,0.001597258,0.003169773,0.000603876,0.000585597,0.003100446,0.013273156,0.025445346,0.012994326,0.001228021,0.001211679,0.000753552,0.001775771,0.001737981,0.00144367,0.000998745,0.000734379,0.000661711,0.000704248,0.000859284,0.001300206,0.000962603,0.000443273,0.000538514,0.005656669,0.001398058,0.001759205,0.001043566,0.002267263,0.000863099,0.000425163,0.000461184,0.000558766,0.000688437,0.000536884,0.0005252,0.000676914,0.005715929,0.009980982,0.007906241,0.002047407,0.021505526,0.001239224,0.000751115,0.000682208,0.000957707,0.000892722,0.000810568,0.001606978,0.001101253,0.001086616,0.000555205,0.000961638,0.001384916,0.000970736,0.001447466,0.000791875,0.001955489,0.001185195,0.000601275,0.000910332,0.000638632,0.000625124,0.000691124,0.002535735,0.002113531,0.001916879,0.000552022,0.000507188,0.000469512,0.001443336,0.000503506,0.000502862,0.000422385,0.000382435,0.006407655,0.00085916,0.001780008,0.008242037,0.011061877,0.00035475,0.000477684,0.004299798,0.000978896,0.000738374,0.001065663,0.000762367,0.000896995,0.000829294,0.000799785,0.000944833,0.000871471,0.001744454,0.011434107,0.006049547,0.003821067,0.003277552,0.003474105,0.003463731,0.00389721,0.002602197,0.002433722,0.00278237,0.002517272,0.003826199,0.002902498,0.032220134,0.021631798,0.001358039,0.001184156,0.001289624,0.001444126,0.001264059,0.001247955,0.001240291,0.001007746,0.001029679,0.001081307,0.00137817,0.008295387,0.000219886,7.32E-05,8.94E-05,1.27E-05,0.00115308,0.001583267,0,0.000182337,0,0.001147595,0.000270353,0.000642557,0.005588676,0.015542096,2.61E-06,0.000131739,0.000191694,2.51E-06,0.000451727,0.000352927,0.000523865,1.28E-05,0.000492777,0.000991519,0,8.81E-06,0.016895745,0.010156317,0.000974247,0,0.001767774,0.011483853,0.024219768,0.000815973,0.324886936,0.064023468,0.001417608,0.000214203,0.000411473,0.000302652,0.000583848,0.009419541,label:LYING_DOWN
0.004880158,0.001608777,0.001817804,0.001798524,0.008496457,0.005891481,0.009244899,0.002782956,0.000771214,0.001921132,0.001895691,0.001906792,0.002095999,0.002481549,0.001474072,0.002330799,0.002954134,0.012526197,0.015318937,0.021223945,0.00502296,0.006404619,0.002900364,0.002803047,0.002610234,0.003045162,0.002227688,0.001414342,0.001285507,0.001357889,0.00750958,0.047029577,0.006793706,0.002860515,0.003173146,0.001909885,0.002316313,0.002509224,0.001968453,0.002957887,0.002090308,0.001663098,0.001585109,0.003695136,0.002870192,0.004825051,0.002476512,0.002624503,0.003408539,0.003247781,0.002746048,0.003019314,0.00414425,0.001645813,0.002023572,0.00153649,0.004962799,0.003873078,0.005142909,0.002071953,0.003136436,0.001508276,0.001661755,0.002082999,0.002203185,0.004901561,0.001584956,0.001334455,0.002350828,0.018246967,0.024791208,0.01635423,0.002257473,0.002155946,0.004104549,0.002479373,0.003020858,0.0026154,0.001809378,0.001364811,0.001161303,0.001281711,0.001731363,0.002305906,0.008624676,0.001290307,0.001074183,0.003133223,0.002463426,0.006067059,0.002339483,0.004532049,0.001676264,0.001553468,0.001225546,0.001257957,0.001934045,0.005181834,0.001471352,0.001717586,0.012310117,0.006570376,0.005509143,0.001749291,0.012986373,0.001507636,0.002026524,0.001996764,0.002595643,0.001879155,0.001617124,0.001645333,0.001673622,0.002195022,0.001482128,0.00158852,0.001793485,0.001900776,0.003457904,0.001790548,0.001564723,0.001563367,0.001387651,0.001768579,0.001384019,0.001078006,0.001262984,0.001504685,0.002594914,0.002146364,0.001492853,0.00153661,0.001036696,0.002251956,0.001214163,0.00150526,0.001054478,0.0013258,0.009509943,0.002173197,0.002075479,0.007921911,0.011669628,0.001153514,0.009129907,0.003457311,0.001725965,0.001799597,0.001914946,0.002218142,0.001994171,0.001937982,0.001904944,0.001747048,0.001860808,0.003814171,0.01769128,0.007243396,0.005480731,0.005243402,0.004532223,0.005070034,0.006739163,0.004336485,0.005621554,0.004827448,0.004368325,0.004585498,0.004584802,0.006583681,0.01309875,0.002613592,0.002828429,0.002516304,0.002688028,0.002326244,0.002704092,0.002144923,0.002977546,0.002131068,0.002339942,0.00293755,0.002996131,0.000140853,3.99E-05,0.000177562,2.28E-05,0.000328056,0.000989497,0,0.000282279,0,0.001472464,0.000207332,0.000557245,0.001970305,0.003291793,5.48E-06,0.000292703,0.00012405,5.50E-06,0.000656665,0.000630355,0.000509658,2.10E-05,0.001146141,0.001217521,0,1.21E-05,0.015740638,0.007607682,0.0033648,0,0.001809245,0.017391516,0.018819612,0.001012262,0.134116076,0.051942396,0.000984614,0.001144621,0.003546768,0.00114409,0.001323808,0.007621409,label:SITTING
0.004553678,0.001790228,0.003179916,0.002323073,0.009490992,0.005218398,0.006700577,0.005056936,0.001382879,0.003045458,0.002736021,0.025283317,0.002769866,0.003193207,0.002167412,0.003762271,0.018759704,0.017258426,0.020584636,0.01234617,0.004124097,0.004188565,0.003648495,0.0038257,0.003946489,0.003956032,0.002718377,0.002442024,0.00186783,0.001938028,0.004880023,0.110005525,0.00958547,0.002965596,0.0032394,0.003115474,0.003108976,0.002969221,0.003164678,0.004331229,0.003200691,0.002618243,0.002537349,0.004789823,0.004506959,0.014264964,0.00303648,0.003916165,0.004060496,0.004746617,0.003871345,0.004459802,0.004498867,0.001845777,0.004038738,0.001892389,0.005572488,0.004404211,0.005362678,0.002905004,0.004710903,0.002373761,0.002308647,0.002536058,0.002805528,0.0051778,0.002369715,0.001921771,0.002391778,0.02100612,0.026427545,0.020235174,0.002668638,0.002844517,0.004133332,0.003128229,0.003569866,0.003064873,0.005628262,0.001938982,0.004070524,0.001989238,0.002129008,0.002520431,0.002444409,0.002542288,0.001229486,0.003471722,0.002999331,0.004819131,0.002795164,0.006946363,0.003002589,0.001881347,0.002029214,0.001632466,0.001978181,0.00964292,0.002510654,0.003531124,0.006810716,0.004946334,0.011091143,0.001895668,0.001870922,0.001771688,0.002463653,0.002405201,0.002257306,0.00208564,0.002094899,0.001963059,0.001940691,0.002375201,0.002089167,0.003153604,0.001875054,0.001928403,0.002449984,0.00213187,0.002346527,0.002261281,0.001874507,0.002302378,0.001644129,0.001402888,0.001491398,0.001465802,0.002298667,0.0024984,0.00160524,0.002230255,0.001461583,0.002350972,0.001651457,0.002433221,0.001534198,0.002102212,0.008010105,0.003167606,0.002582024,0.014494342,0.011968227,0.008892941,0.003234036,0.004117711,0.002852804,0.002235998,0.002093571,0.002728745,0.002963045,0.003054327,0.003146837,0.004835922,0.002947696,0.005218971,0.010146095,0.008867302,0.007252433,0.006725129,0.007023877,0.005081121,0.005260829,0.006150594,0.00503732,0.005025505,0.005666235,0.005005517,0.005423098,0.004090018,0.005168934,0.002873268,0.002539713,0.002571239,0.002527623,0.002608421,0.002468721,0.002375165,0.002347634,0.002321534,0.00255501,0.003231428,0.003550839,0.000205862,9.04E-05,0.000295274,4.05E-05,0.000293658,0.000185559,0,0.000181158,0,0.000654938,6.05E-05,0.000302958,0.000587862,0.000704363,7.77E-06,0.000313178,0.000161298,8.54E-06,0.001735601,0.000563131,0.000631621,4.17E-05,0.001237191,0.001878277,0,3.41E-05,0.003982808,0.008251045,0.010751951,0,0.003671186,0.018840921,0.016538444,0.002857422,0.003467764,0.001363408,0.001535954,0.001298059,0.001213954,0.002092732,0.002244335,0.001119241,label:FIX_walking
0.005399044,0.001878481,0.001083684,0.001741859,0.004781438,0.004993057,0.01279206,0.001180885,0.000503394,0.000716844,0.000702286,0.000754816,0.000765295,0.00194807,0.000583608,0.000734645,0.002963397,0.010759685,0.011897893,0.015552713,0.002402019,0.002704729,0.001257112,0.001064715,0.001125637,0.000984084,0.001175077,0.000623564,0.000620774,0.000601874,0.006129593,0.001556413,0.001358311,0.000686219,0.001053707,0.000962972,0.001041369,0.001887917,0.000837266,0.00567926,0.001256808,0.000708018,0.000619397,0.001165273,0.001375036,0.011171141,0.002332002,0.003795384,0.002499245,0.002669641,0.001274584,0.001092641,0.010448281,0.000629285,0.000636396,0.000550393,0.021046363,0.005478832,0.05810483,0.000731834,0.044823565,0.000515634,0.000549005,0.000651191,0.001027166,0.009951521,0.000560554,0.000505616,0.000564789,0.133713782,0.041961716,0.110837228,0.001276155,0.000869098,0.00071724,0.000853381,0.001351762,0.000771297,0.000660517,0.000448898,0.000431633,0.000565624,0.000553609,0.001510372,0.000511645,0.00053452,0.000372979,0.002268171,0.008514779,0.002505682,0.000578565,0.007203259,0.003913504,0.000632674,0.000429979,0.000579816,0.000683633,0.000435585,0.000562673,0.001032085,0.002398472,0.002355682,0.003546263,0.000575237,0.000952109,0.000715721,0.000700869,0.000611584,0.000767972,0.000557679,0.000721054,0.000634087,0.000746565,0.000916735,0.000553668,0.000518392,0.000593475,0.000538917,0.000698544,0.000617447,0.000711113,0.000653834,0.00050968,0.000618912,0.001169387,0.000458787,0.00054669,0.000672107,0.000674777,0.001080974,0.000614339,0.000720021,0.000880416,0.0009824,0.000597595,0.000650719,0.000470407,0.000546782,0.00827707,0.044966797,0.000594336,0.012939278,0.046675529,0.000561477,0.000764845,0.003004136,0.001117602,0.000420288,0.016648805,0.001332198,0.000900454,0.000996162,0.000959972,0.000807822,0.000869369,0.001769723,0.019749837,0.010142777,0.002869396,0.004113991,0.001881452,0.002865888,0.002361992,0.002402405,0.002536214,0.00214106,0.002322465,0.002013903,0.016161622,0.001499134,0.001388993,0.001808236,0.000985035,0.00110406,0.000893764,0.000881987,0.000896795,0.000820792,0.000724976,0.000699144,0.000794078,0.00172317,0.014767138,7.45E-05,6.64E-05,0.00011248,5.65E-05,5.65E-05,0.000317494,0,7.17E-05,0,0.000889693,0.00020967,0.000142146,0.000235581,0.000355649,9.84E-08,0.000158774,0.000209388,7.90E-08,0.00653474,0.000794405,0.000364573,2.39E-05,0.001243833,0.001563028,0,1.69E-05,0.003560246,0.007466351,0.024241704,0,0.001169104,0.009099835,0.029693537,0.000192127,0.000299908,0.000681285,0.000447543,0.000838999,0.000440284,0.001109996,0.000853002,0.000470437,label:FIX_running
0.005279381,0.00102438,0.001515103,0.001388128,0.005962263,0.008246352,0.00451911,0.001297093,0.000571724,0.001110839,0.001628755,0.001542339,0.001850089,0.002223603,0.000768812,0.00132527,0.001354486,0.009085767,0.011102866,0.038651802,0.002173778,0.005173406,0.005598138,0.00138378,0.001575852,0.001758178,0.009309047,0.001082318,0.000954274,0.000822349,0.014136833,0.002497225,0.002055156,0.002178511,0.003410614,0.001087578,0.001947646,0.001328293,0.001080983,0.004477407,0.009039459,0.000863854,0.002246177,0.001504831,0.001316436,0.012534392,0.002576069,0.002110832,0.005253405,0.002247087,0.001606501,0.001527347,0.007696324,0.001014363,0.001137203,0.001004988,0.019063808,0.009651401,0.016177367,0.001259519,0.028367366,0.001329211,0.001047518,0.001344741,0.002037121,0.015297367,0.000918331,0.000782955,0.000851104,0.080296909,0.062312564,0.04304693,0.001274948,0.00310127,0.001388606,0.001874236,0.001324715,0.001270758,0.003222544,0.001136561,0.001042358,0.000893103,0.000836325,0.001852704,0.000650431,0.001042152,0.00066144,0.002223589,0.0023771,0.001949587,0.000967743,0.037486814,0.001452361,0.000693517,0.000666099,0.001142764,0.019660283,0.0007509,0.000836618,0.000891405,0.005916662,0.002316625,0.003430865,0.000966761,0.002059148,0.0010822,0.000979575,0.000979947,0.001027884,0.000968508,0.001035009,0.000982458,0.000942353,0.00116639,0.000868472,0.000822166,0.00098759,0.000941825,0.001451947,0.000957995,0.000752624,0.000802361,0.000881949,0.000951621,0.001224874,0.00066,0.000611122,0.000784405,0.000730103,0.001682519,0.000726294,0.000955748,0.000649021,0.001427688,0.000771981,0.000953618,0.000759884,0.000774998,0.062792481,0.001342498,0.001331253,0.020198743,0.021653425,0.007440192,0.007235353,0.008536765,0.001382198,0.001930186,0.00159924,0.002342852,0.009577301,0.001813005,0.001718031,0.001304113,0.001541673,0.004049155,0.005452844,0.005715442,0.004330918,0.008081738,0.00374095,0.003754586,0.003172672,0.002959003,0.002643482,0.002480522,0.003097937,0.004054436,0.007536873,0.002182904,0.002028459,0.001613189,0.001380386,0.001252114,0.001202243,0.001010104,0.001043736,0.000986769,0.001101159,0.001531959,0.001614812,0.002431825,0.001667645,0.000111462,0.000114229,0.000184257,2.38E-05,7.89E-05,0.000920438,0,3.40E-05,0,0.011103346,1.94E-06,9.12E-05,0.000460013,0.000440121,7.60E-06,5.48E-05,0.00012924,2.14E-06,0.001065101,0.00494414,0.001508288,4.22E-05,0.000917842,0.001065476,0,3.52E-06,0.003943278,0.011613179,0.034130353,0,0.001430005,0.014675702,0.017527482,0.000432412,0.001069855,0.001980163,0.000970383,0.001246448,0.001230307,0.002733817,0.005957136,0.001299108,label:BICYCLING
0.003791343,0.000959634,0.000677144,0.001098217,0.005880992,0.003935416,0.005050835,0.000848905,0.000268553,0.000612469,0.000729156,0.001043028,0.00102484,0.047544208,0.00052272,0.000771749,0.001220143,0.012199689,0.009015142,0.012444168,0.007143756,0.002392998,0.001655205,0.001045546,0.000940271,0.001248417,0.001299157,0.001021505,0.000763192,0.000715597,0.004117822,0.00171502,0.001811558,0.000762799,0.001303396,0.000746756,0.000754517,0.0010971,0.00072744,0.001028129,0.000928506,0.000511448,0.000589238,0.004085032,0.001415592,0.002594855,0.00171911,0.001695935,0.003141374,0.001341439,0.00101283,0.001237587,0.004396133,0.000743038,0.000765387,0.000803178,0.006635349,0.003751344,0.004813725,0.000867224,0.003839291,0.000506164,0.00077776,0.000957003,0.001160311,0.007003552,0.000581287,0.000465067,0.001707577,0.020989248,0.02411838,0.04385126,0.001960409,0.001202509,0.001135852,0.001010147,0.001837319,0.001531085,0.00108252,0.000987617,0.001272719,0.001578171,0.000915829,0.001339011,0.000523669,0.000591273,0.000350747,0.002509111,0.00171934,0.002033318,0.000735515,0.005724199,0.005814169,0.000398941,0.000349514,0.000420661,0.000780133,0.000385814,0.000406816,0.000516625,0.007724523,0.009923345,0.004985206,0.001223686,0.00184216,0.00291353,0.000963981,0.000726465,0.009702201,0.002415594,0.001025421,0.001151945,0.000935759,0.001409072,0.00064213,0.000977531,0.00119446,0.00117081,0.001677336,0.000951512,0.000830079,0.001029148,0.000765314,0.003363744,0.000669758,0.000483074,0.000704858,0.002124661,0.008451452,0.001239193,0.000515223,0.000482029,0.000461977,0.001257642,0.00079065,0.000453799,0.000493553,0.000621699,0.010934428,0.000932632,0.000788503,0.012064709,0.007546275,0.000527259,0.000545888,0.00180932,0.001709483,0.000960009,0.000957638,0.000787043,0.00107636,0.000876494,0.000786339,0.000931151,0.000750131,0.001558698,0.005737772,0.005102386,0.003187843,0.005994541,0.002251588,0.005032904,0.005872227,0.002840145,0.003899165,0.003801285,0.00243737,0.004003945,0.002360853,0.005284,0.013148489,0.001197809,0.000949748,0.001313539,0.001200877,0.001013348,0.001090478,0.000954214,0.001004566,0.001005579,0.000870531,0.006905979,0.008922726,0.000152459,6.50E-05,0.000122216,3.84E-05,0.001403976,0.000403417,0,0.000362876,0,0.002925252,0.000215757,0.000799842,0.003530158,0.006751817,4.50E-06,0.000101723,9.27E-05,3.28E-06,0.001165583,0.003438805,0.000634925,1.89E-05,0.001001117,0.000941325,0,7.64E-06,0.011640579,0.008515906,0.004107555,0,0.001442981,0.012516829,0.01645626,0.00164866,0.301644591,0.052536626,0.000456148,0.00039813,0.000561461,0.00040126,0.001071504,0.011152256,label:SLEEPING
0.00600839,0.000475942,0.000680997,0.0005424,0.007537967,0.009341826,0.00420161,0.001177404,0.000265642,0.000616073,0.000661617,0.001764572,0.000940966,0.003077478,0.000553213,0.000684818,0.000871303,0.007422156,0.005933197,0.024153955,0.001247535,0.001203512,0.000869262,0.000955299,0.000948019,0.001395494,0.000494164,0.000744098,0.000504041,0.000700719,0.010540693,0.000849508,0.000607016,0.016221559,0.000642537,0.000724499,0.000640053,0.000869084,0.000701274,0.001274171,0.000699003,0.000655039,0.000453054,0.000945489,0.001080956,0.000887911,0.003647785,0.001258635,0.001420157,0.000974432,0.000855812,0.000782784,0.012520377,0.000684205,0.000940368,0.000993322,0.006029238,0.006733239,0.034952388,0.006458544,0.001014567,0.000876307,0.000659492,0.000629091,0.000786787,0.044982554,0.00064412,0.000589332,0.00064837,0.065354924,0.098003972,0.115851913,0.000788191,0.000625325,0.001538642,0.000992755,0.000894933,0.000808195,0.001521781,0.000987605,0.000616585,0.000588407,0.000687762,0.000943429,0.000388566,0.000444557,0.000405901,0.003381404,0.001640849,0.000813401,0.000749855,0.006542069,0.00214722,0.000644451,0.000413731,0.000371504,0.000707872,0.000514362,0.000653137,0.000688222,0.001236027,0.002404557,0.001370684,0.000644814,0.000496651,0.000596191,0.00068936,0.000645238,0.000657745,0.000804436,0.00078355,0.001736094,0.001038839,0.002751987,0.000685771,0.000438112,0.000536337,0.001033464,0.000922483,0.00079056,0.000763331,0.014976755,0.000418716,0.000991283,0.021907541,0.000575914,0.001636223,0.000527114,0.000661158,0.001297571,0.000711244,0.000824157,0.000547106,0.000998077,0.000712624,0.000793864,0.000824161,0.000832034,0.070089827,0.001330086,0.000966221,0.013255353,0.014715391,0.000392154,0.000646023,0.000958893,0.00941368,0.000563686,0.000721573,0.000751491,0.000682588,0.000840572,0.000772604,0.000920476,0.000777027,0.002526648,0.014213848,0.018360897,0.006372532,0.004373294,0.002779862,0.007593311,0.001658795,0.008397492,0.001948474,0.003600012,0.001443767,0.00257219,0.003046133,0.001096031,0.00141338,0.001518343,0.000882761,0.000906625,0.000815392,0.001036695,0.000987777,0.001465974,0.001411206,0.001829981,0.002724188,0.001079451,0.001469451,7.43E-05,6.77E-05,6.10E-05,4.37E-05,3.18E-05,0.003528046,0,3.94E-05,0,0.001434314,0.011714955,0.006229711,9.75E-05,6.17E-05,6.14E-06,5.64E-05,6.49E-05,2.69E-06,0.018198963,0.007538536,0.000658633,3.16E-05,0.000466566,0.000402085,0,4.43E-06,0.000861515,0.029872628,0.025394273,0,1.87E-05,0.007941319,0.029535838,4.49E-05,0.00037929,0.00011503,0.000771548,0.002691646,0.001131589,0.000290731,0.000612676,0.000380341,label:LAB_WORK
0.004641468,0.000842037,0.000874043,0.000715049,0.007390061,0.007894183,0.04968891,0.00093536,0.00051462,0.000896432,0.000902554,0.001055505,0.000987664,0.002205145,0.000651201,0.001058392,0.001332848,0.016185519,0.013260906,0.011723792,0.002512534,0.035385907,0.007916046,0.001403432,0.001682656,0.001572436,0.000888517,0.001135994,0.000661222,0.000745352,0.006026057,0.001795351,0.007654449,0.001090132,0.001248788,0.001092692,0.000916463,0.001358236,0.001005109,0.001364044,0.001323704,0.000602856,0.00069999,0.002541738,0.001714317,0.041919026,0.001919971,0.002944301,0.002577558,0.001718397,0.001450968,0.001290809,0.017246324,0.000915058,0.000927454,0.000922902,0.012117114,0.005780732,0.022492808,0.001685976,0.005607798,0.000717841,0.000974876,0.001100358,0.001779102,0.009708619,0.000720506,0.00076041,0.000696157,0.136341864,0.073415897,0.037804099,0.001569115,0.00082623,0.002185908,0.001048715,0.001023383,0.001043669,0.001219474,0.000781961,0.000744432,0.000804127,0.002428826,0.001664917,0.000458447,0.000525769,0.000396802,0.005959578,0.002373978,0.00212396,0.000828771,0.008966955,0.001154308,0.000530098,0.000462508,0.000512836,0.000774541,0.000529888,0.000677121,0.000737594,0.004620365,0.005025363,0.003817731,0.000635089,0.000489132,0.00081369,0.000760096,0.00085714,0.000798338,0.000746325,0.000656465,0.000748829,0.00077412,0.001022073,0.000574225,0.000638163,0.000896707,0.000942389,0.000854957,0.000590974,0.000686965,0.000770855,0.000551755,0.000731309,0.000888485,0.000437705,0.000714092,0.000513954,0.000622953,0.002017702,0.000441632,0.000718054,0.000375745,0.001491761,0.000465627,0.000841669,0.000412255,0.000388847,0.013785158,0.000899274,0.001241549,0.034058234,0.016419445,0.000423723,0.000565992,0.007526172,0.010610738,0.003913584,0.000917452,0.000863684,0.001972792,0.000694994,0.000704384,0.001195715,0.010285984,0.002362546,0.005526525,0.003888852,0.003317235,0.004862214,0.004204174,0.006504125,0.002696915,0.003300126,0.001799141,0.00204371,0.002186752,0.003274022,0.008547332,0.00282205,0.002443952,0.002924024,0.00222426,0.00315751,0.001832066,0.001082973,0.001623787,0.001158908,0.000943216,0.001043018,0.001126762,0.002524729,0.0019083,0.00011863,7.32E-05,0.000170863,1.57E-05,0.000124689,0.000120263,0,0.000200359,0,0.004002094,0.008059539,0.000267408,0.000358841,0.000211449,4.09E-06,7.00E-05,5.94E-05,4.21E-06,0.003905481,0.001489253,0.000730517,1.55E-05,0.000727668,0.000643807,0,3.37E-05,0.002138961,0.010951372,0.011893915,0,0.020854149,0.009571542,0.046677876,0.001097295,0.000636253,0.000476095,0.000760469,0.004688203,0.002868966,0.000939083,0.001841396,0.000471553,label:IN_CLASS
0.005438219,0.001256201,0.001026673,0.001307184,0.007661912,0.008954114,0.005066733,0.001271078,0.000540697,0.001097041,0.001081563,0.001175535,0.001159684,0.001961659,0.00085195,0.001895811,0.001261397,0.012384418,0.01096816,0.013994374,0.002920867,0.005190674,0.003037921,0.001479722,0.001681007,0.001535499,0.001335882,0.001009157,0.000889801,0.000851777,0.00419177,0.001672858,0.001774725,0.001073172,0.006704964,0.001308911,0.00140465,0.001214765,0.001248267,0.001387001,0.00113114,0.000931591,0.000923205,0.001363318,0.001670094,0.00313926,0.002022702,0.002934204,0.002338904,0.001668363,0.001637804,0.001640496,0.01306563,0.000811324,0.001127999,0.000893715,0.018815005,0.016346531,0.010928455,0.001208541,0.003202629,0.000883528,0.001554902,0.001198901,0.003057936,0.087490271,0.001092377,0.000871551,0.00066953,0.071533783,0.042570336,0.093676226,0.001152905,0.001071348,0.001053121,0.001243042,0.001504895,0.001239011,0.001488705,0.000826601,0.000823669,0.001275773,0.001215869,0.00139947,0.00055822,0.000656982,0.000521692,0.00254947,0.001722607,0.001484996,0.000862363,0.007929542,0.001323095,0.000567658,0.000473698,0.000579554,0.000793682,0.00102038,0.000841244,0.000837356,0.003907126,0.002226529,0.007893851,0.000789862,0.000699792,0.000912205,0.000916341,0.000945757,0.001044054,0.00082454,0.000875162,0.000978087,0.001066108,0.001735144,0.000788861,0.000836079,0.000778627,0.001341049,0.00151765,0.000920746,0.000809445,0.000873133,0.000724386,0.000834732,0.000696814,0.000537643,0.000703597,0.000873865,0.000779023,0.001151956,0.000537589,0.000761042,0.000528122,0.001567154,0.000561553,0.00065532,0.000494089,0.000487426,0.028717802,0.002328598,0.004570308,0.015797377,0.024996576,0.000575398,0.001132933,0.002633795,0.001881343,0.001374018,0.008039369,0.002488437,0.001210646,0.001283603,0.001179638,0.001258474,0.001275921,0.00343383,0.009665671,0.011580356,0.003652913,0.005281056,0.003280958,0.035361059,0.003476696,0.002434881,0.002876869,0.003133911,0.004691016,0.004747451,0.00573255,0.00214137,0.002067562,0.00255021,0.002270553,0.004791175,0.001498734,0.001424628,0.001316199,0.001421088,0.001128984,0.001160483,0.001594431,0.002333205,0.0024912,0.000234246,0.000138658,0.000307753,0.000271905,0.000231258,0.000154076,0,0.000211521,0,0.001035097,5.63E-05,0.000226964,0.00124724,7.83E-05,6.67E-06,0.000102269,7.26E-05,3.90E-06,0.000669118,0.001180909,0.00098179,0.001405173,0.000749286,0.001054346,0,1.93E-05,0.005327051,0.015813888,0.003497244,0,0.000131767,0.016783044,0.046359182,0.06263563,0.002650875,0.000719393,0.001947712,0.001783521,0.001510519,0.0015788,0.003430033,0.000849901,label:IN_A_MEETING
0.003016391,0.00076902,0.000560067,0.000532357,0.005593304,0.005644365,0.003756089,0.002886846,0.000342507,0.000644995,0.001949636,0.000873534,0.000795663,0.001589978,0.000549572,0.000830859,0.002361903,0.006163792,0.006912951,0.0123484,0.005662523,0.011699456,0.000807905,0.000894361,0.000927921,0.001417849,0.00124455,0.000852283,0.00055676,0.000673615,0.012151739,0.002015957,0.0022908,0.001033286,0.001731811,0.000754718,0.000818408,0.001317315,0.000716054,0.001604623,0.000856323,0.000559965,0.000586848,0.003691076,0.001127088,0.00194647,0.00236925,0.010252395,0.006167123,0.001134554,0.001197145,0.000992762,0.007612577,0.001190743,0.000755481,0.002296903,0.008218038,0.004433828,0.014933591,0.001056737,0.013955441,0.000579028,0.000703088,0.000799597,0.001346841,0.031904944,0.000595215,0.000505109,0.000550619,0.047060982,0.073028591,0.080962597,0.001160432,0.001423442,0.001094085,0.014586954,0.001183421,0.000945132,0.001449264,0.00077252,0.000645787,0.00058192,0.00101646,0.003854669,0.000323155,0.000517174,0.0003509,0.001550641,0.001805819,0.001282454,0.000533239,0.005414246,0.000707407,0.000433092,0.000348261,0.000436872,0.001039805,0.000383512,0.000505865,0.000524036,0.001465785,0.002825467,0.002139515,0.000422142,0.00056169,0.000630517,0.000694423,0.000660107,0.000700701,0.000467466,0.000597542,0.000466019,0.000667526,0.000745329,0.000530861,0.000538197,0.000436963,0.000475708,0.000689414,0.000510592,0.000520795,0.000491162,0.000448011,0.00056566,0.00044002,0.00036199,0.000419806,0.000390276,0.000445768,0.000952448,0.000409372,0.000535572,0.000350077,0.001279276,0.000393704,0.000692799,0.000403187,0.000439358,0.047116416,0.002274444,0.002273843,0.060907248,0.041548805,0.000296915,0.000604302,0.085338078,0.001899796,0.003679684,0.002467607,0.001534257,0.001635483,0.000822197,0.000911481,0.00126106,0.001517959,0.004154703,0.009078859,0.007063439,0.008384402,0.005550653,0.002155765,0.003347864,0.003249175,0.003307825,0.00329226,0.002646226,0.002246245,0.002741809,0.008235503,0.001770482,0.000962925,0.001430501,0.000986735,0.001111592,0.001342484,0.000925539,0.001051403,0.001046325,0.000843129,0.001544765,0.00134242,0.004332269,0.005863272,6.72E-05,3.42E-05,7.64E-05,4.14E-05,9.11E-05,0.000217077,0,8.50E-05,0,0.001244353,6.04E-06,0.000145409,0.000235908,4.25E-05,4.60E-06,0.000316695,0.000324594,1.38E-06,0.003959601,0.007921128,0.001036838,0.000147992,0.00899236,0.002932226,0,4.57E-06,0.031853156,0.015957056,0.01407492,0,0.004883829,0.006916276,0.035043414,0.004196466,0.000610648,0.001690778,0.001411948,0.002302312,0.003459308,0.000696537,0.001013135,0.000562556,label:LOC_main_workplace
0.003778941,0.002115461,0.001993303,0.097310569,0.009957962,0.005474301,0.014695044,0.002463552,0.004862008,0.001375038,0.002136567,0.007972752,0.002309923,0.003089062,0.001703018,0.001762878,0.003437169,0.019559231,0.012125908,0.016240381,0.006154212,0.003266708,0.001685093,0.002074225,0.002233973,0.002355096,0.001607162,0.001833818,0.002216407,0.002207079,0.003968938,0.002736686,0.00276578,0.001468449,0.003407126,0.001458572,0.001466911,0.001697122,0.001580125,0.002021296,0.004783987,0.001307535,0.001400874,0.002713519,0.00254758,0.006088575,0.002514228,0.002119713,0.005594124,0.003032732,0.002086956,0.00253597,0.004958583,0.001426948,0.001578064,0.002806092,0.005288101,0.004585697,0.005687957,0.004390736,0.005727416,0.001211563,0.001296248,0.001561123,0.001823581,0.004806867,0.001217995,0.00107642,0.004648807,0.038369175,0.030969623,0.024074439,0.001710252,0.001595493,0.001898011,0.001800091,0.002496669,0.002298063,0.002051876,0.001144899,0.000938099,0.000899343,0.001344251,0.00263242,0.000975857,0.001037275,0.000820137,0.003144446,0.003593512,0.004189557,0.001536904,0.006448505,0.00248567,0.0008436,0.00086018,0.001010852,0.001122473,0.000929737,0.001146045,0.001656949,0.004983326,0.006300329,0.005068908,0.00380797,0.001602334,0.001155838,0.001362769,0.001361639,0.001515975,0.001091657,0.001363244,0.001419922,0.001422874,0.001530445,0.001179196,0.001758419,0.001392862,0.001357925,0.001466785,0.001269147,0.001599964,0.001488856,0.001017489,0.001377195,0.0009234,0.001009069,0.001004142,0.003242141,0.001885215,0.001976812,0.000800637,0.001247234,0.000791568,0.002125559,0.000892401,0.001183951,0.000776894,0.000975154,0.029192138,0.00226986,0.002277191,0.017212653,0.011693981,0.001019372,0.001301024,0.018590074,0.002228413,0.002375582,0.00164705,0.001934327,0.002426629,0.002235532,0.002177747,0.002277045,0.003621972,0.004285373,0.023913044,0.006634843,0.007337117,0.005888219,0.004643398,0.005465042,0.003655454,0.003776023,0.009598993,0.003635372,0.00416239,0.004084996,0.00599618,0.002138156,0.002009858,0.001713753,0.001584201,0.002008282,0.002113421,0.001464912,0.001583626,0.00233154,0.001791502,0.001701044,0.001743626,0.00256193,0.002781197,0.000120097,9.81E-05,0.000121058,1.55E-05,0.000328624,0.002229805,0,0.000258086,0,0.007836209,0.002680959,0.000491177,0.000554362,0.00092641,6.05E-06,0.000217605,0.000301313,1.15E-05,0.001686291,0.000674217,0.000318162,1.66E-05,0.001664398,0.043704315,0,1.31E-05,0.011496333,0.020566313,0.021431407,0,0.00211096,0.014370305,0.024540198,0.002428585,0.034671234,0.002184997,0.001548616,0.001547119,0.002149334,0.001308588,0.001734419,0.00241404,label:OR_indoors
0.005383396,0.001222593,0.001304243,0.00302893,0.012442227,0.00649264,0.009885938,0.002081594,0.000628395,0.001184648,0.001410773,0.005054179,0.00147663,0.089137747,0.000927069,0.001567064,0.00221069,0.014516182,0.012795415,0.016991818,0.004324518,0.005441672,0.002806067,0.001871767,0.001909514,0.002047079,0.001791261,0.001010503,0.000986681,0.001154018,0.004009177,0.002311435,0.001802912,0.00139971,0.0028226,0.001368051,0.001333579,0.001477477,0.001404573,0.001892796,0.001972926,0.001060579,0.001243234,0.00265344,0.002326306,0.004441925,0.001789518,0.004901975,0.009041104,0.002328424,0.001761594,0.001971195,0.006266782,0.001968134,0.001460638,0.001263136,0.009620363,0.005067576,0.00657377,0.015894177,0.006147533,0.001117418,0.00117904,0.001525381,0.002472942,0.010783246,0.001135415,0.001026645,0.005858102,0.048959815,0.03470343,0.075884985,0.004968911,0.001474866,0.001716565,0.002165113,0.001884421,0.002413365,0.002534545,0.00106878,0.000911624,0.000975924,0.001221681,0.002786629,0.000772585,0.001197066,0.00073467,0.004264295,0.003817288,0.003442523,0.001325928,0.011421314,0.001472973,0.000923847,0.000806732,0.00088293,0.001045155,0.001038867,0.00102188,0.001673958,0.005048935,0.004045485,0.003953432,0.001830632,0.00107129,0.00123907,0.001315835,0.001258798,0.001283007,0.00111379,0.002027242,0.001163837,0.001113955,0.001350931,0.001067957,0.001679226,0.001290641,0.001407641,0.002282703,0.001134085,0.001141316,0.0012561,0.000963382,0.001262461,0.001324802,0.000820906,0.000907337,0.001286148,0.001247685,0.002431764,0.000817751,0.001223599,0.000739081,0.001532404,0.000854059,0.00107905,0.000755062,0.001025326,0.01183406,0.003444606,0.002209688,0.025626263,0.013130255,0.001085812,0.001393197,0.006983138,0.004749723,0.002468351,0.001606382,0.001485079,0.001656812,0.002006422,0.001784817,0.001872711,0.001394016,0.003293483,0.021429348,0.006517193,0.006558684,0.005019024,0.003888385,0.003347502,0.012165745,0.003553034,0.00991038,0.005112435,0.003082366,0.008021133,0.004806097,0.002025659,0.002121454,0.001542919,0.009309009,0.002858177,0.001976795,0.001470892,0.001453452,0.001433843,0.00144579,0.001449266,0.001544952,0.002403681,0.002373829,0.00020165,8.49E-05,0.000147456,1.38E-05,0.000351825,0.001281884,0,0.000634554,0,0.001334336,0.003131669,0.000283402,0.000713315,0.00063651,9.67E-06,0.000173661,0.000207706,1.38E-05,0.001424818,0.000773703,0.000465885,1.97E-05,0.000693183,0.023509329,0,1.78E-05,0.011437423,0.026356437,0.01152596,0,0.002648852,0.014889691,0.013066702,0.001810276,0.027775795,0.003653595,0.001074412,0.001283719,0.003782096,0.001299926,0.002635032,0.001170234,label:OR_outside
0.005123313,0.001382011,0.000985592,0.000929436,0.011953718,0.007119237,0.010326349,0.001329764,0.000928044,0.000966229,0.001004063,0.002144184,0.001910449,0.004682032,0.000683539,0.001305779,0.001365573,0.014272475,0.014420279,0.01882404,0.001946913,0.002406896,0.006017775,0.001470801,0.00142593,0.001564571,0.001496737,0.0011358,0.000823692,0.000775824,0.006114407,0.002257116,0.026865535,0.00114023,0.001540516,0.00117467,0.001144434,0.016117168,0.001274781,0.001575721,0.001600572,0.000932301,0.00094307,0.002414078,0.001913844,0.001978028,0.002402597,0.003920895,0.004019239,0.00300849,0.001726965,0.001799059,0.007880925,0.001038885,0.001080642,0.001004349,0.030593403,0.022594206,0.012751133,0.000975664,0.014919359,0.00097063,0.000977701,0.001002806,0.001369252,0.04054408,0.000923824,0.000734837,0.001029381,0.091201931,0.064037173,0.067754719,0.001717208,0.001144383,0.002093359,0.001344637,0.001402746,0.00136636,0.003902498,0.001117459,0.000984792,0.001000927,0.004187277,0.002068713,0.000620118,0.000701734,0.000468553,0.003438387,0.003289241,0.001792559,0.000848876,0.016838746,0.001282171,0.000660174,0.000471261,0.000622442,0.000743637,0.000601792,0.000835466,0.00081189,0.002181313,0.002965371,0.003123467,0.000789401,0.001030071,0.000874415,0.000960686,0.000832689,0.000883631,0.000876168,0.000819906,0.000768723,0.000873538,0.000996035,0.000733353,0.000695081,0.000814678,0.000844561,0.000828407,0.000872402,0.000763028,0.007656751,0.000728022,0.000919701,0.000851705,0.000938946,0.001073189,0.000675431,0.000710476,0.00137183,0.000646978,0.00086149,0.000521285,0.001310781,0.000630877,0.000821253,0.000558976,0.000708533,0.012696286,0.002378458,0.002147433,0.017850009,0.017918656,0.001804553,0.019310147,0.002583654,0.005837462,0.005422445,0.002641783,0.001325587,0.00144514,0.001977811,0.001558193,0.002292726,0.001899731,0.002301029,0.007670148,0.004869159,0.004404546,0.004185507,0.004358736,0.00420822,0.004229063,0.004299692,0.00366974,0.00386169,0.002886712,0.003377726,0.015969059,0.002105737,0.002666929,0.002421877,0.002025703,0.001312857,0.00117186,0.001343891,0.001155999,0.001607911,0.001368517,0.001696696,0.001355877,0.001868111,0.004355411,0.000171697,8.07E-05,0.000277888,0.000591604,0.000114863,0.000402276,0,0.000104314,0,0.001339459,4.49E-05,0.000180161,0.001278313,0.000627958,2.91E-07,0.000114634,0.000111097,7.26E-07,0.008008219,0.005985267,0.002829694,0.00066833,0.003418222,0.003513535,0,1.05E-05,0.002767473,0.027122362,0.012494939,0,0.001456544,0.014408502,0.031539455,0.000714765,0.001290542,0.000887146,0.000881079,0.00113972,0.001520935,0.001232235,0.003204062,0.000786919,label:IN_A_CAR
0.008018314,0.001556996,0.00083346,0.000996401,0.006410975,0.005157917,0.004676993,0.001098417,0.000375431,0.000847935,0.000904799,0.016192158,0.000921917,0.001808054,0.000675047,0.000945877,0.000966655,0.010914765,0.008007121,0.013024118,0.004557375,0.002175692,0.003421217,0.001086594,0.001295326,0.00122356,0.002515146,0.006947625,0.001068721,0.001569206,0.004455504,0.001731318,0.001052086,0.000873996,0.002048181,0.00116584,0.000886709,0.001774148,0.001051567,0.001189242,0.000947642,0.000706852,0.00069949,0.016667048,0.002002051,0.008708183,0.005686581,0.005900523,0.011985094,0.001757523,0.011612741,0.002081515,0.015506744,0.000850687,0.001086608,0.000799775,0.028914466,0.007203045,0.00844068,0.000811367,0.029843105,0.000667441,0.000734539,0.001417654,0.004715943,0.008525695,0.000730093,0.000775124,0.001234306,0.079239192,0.07182861,0.049532308,0.001072631,0.000866802,0.001033365,0.025863703,0.001916701,0.001895556,0.001364247,0.000774733,0.000957638,0.0009245,0.00149013,0.001362951,0.000449743,0.000644404,0.000499575,0.002773679,0.002178288,0.001197916,0.000781251,0.033245942,0.000888559,0.000567123,0.00049731,0.000553161,0.000641952,0.000449912,0.000737875,0.000736136,0.002572191,0.003986763,0.003956019,0.000738955,0.00061299,0.000839248,0.000816365,0.000749717,0.000893247,0.000679725,0.000868857,0.00069467,0.000897705,0.000880688,0.000714044,0.000717366,0.000992361,0.000907073,0.001042328,0.000715158,0.000810368,0.001375404,0.000835601,0.000991731,0.000710829,0.000561045,0.000706929,0.00082578,0.000824393,0.001066995,0.000532734,0.000768703,0.000518446,0.001464533,0.000595336,0.000805521,0.000607245,0.000629621,0.02937014,0.000876129,0.000971353,0.010802705,0.045584954,0.000540048,0.001713467,0.003449035,0.000828888,0.001022234,0.001044674,0.000786581,0.000813084,0.001272073,0.001333582,0.000851451,0.000863854,0.002195632,0.005619069,0.004125954,0.003115733,0.004224078,0.00255259,0.003034623,0.004106235,0.002917568,0.001910901,0.00214534,0.00196179,0.002110653,0.008848177,0.001960586,0.001519131,0.001226373,0.00118253,0.000986434,0.001091178,0.000993836,0.00095527,0.000856024,0.000766774,0.000846191,0.000817552,0.005569098,0.105335901,0.000129467,6.64E-05,0.000177265,8.22E-05,6.91E-05,0.000356975,0,0.000124505,0,0.000352679,4.45E-05,0.000467628,0.0002452,0.00010376,1.22E-05,0.000168947,0.000155963,2.62E-05,0.00077678,0.002224897,0.000372609,7.09E-06,0.001242525,0.000977122,0,3.13E-05,0.003682368,0.00886519,0.020414813,0,0.001051202,0.009379752,0.033924579,0.000467206,0.000439904,0.000939323,0.000580203,0.00056694,0.000626249,0.000885805,0.00102478,0.000529425,label:ON_A_BUS
0.00387078,0.000855545,0.001214377,0.000873694,0.006043048,0.005948474,0.006609797,0.001476798,0.000668551,0.001200209,0.001062147,0.001040197,0.001288952,0.027416828,0.000889983,0.001451007,0.00163975,0.012194266,0.00945134,0.01150334,0.008054991,0.002711924,0.002067431,0.001472136,0.001609003,0.001750712,0.001130888,0.000871249,0.000799063,0.000976766,0.028318907,0.011054945,0.001980982,0.00170632,0.003004668,0.001387414,0.001650808,0.012067874,0.001277122,0.001675802,0.003071555,0.000980514,0.001083076,0.002434824,0.003348645,0.002087377,0.003634204,0.004217839,0.01938403,0.002161328,0.002198209,0.001779112,0.008678541,0.000893657,0.001184858,0.000937536,0.01383882,0.005937766,0.063163722,0.001236694,0.02669237,0.000892825,0.001354824,0.001367164,0.004348168,0.014940959,0.000899939,0.000808598,0.000805639,0.086990633,0.042248331,0.032511024,0.003032194,0.00117263,0.00102448,0.001570104,0.001273441,0.001185866,0.015163248,0.000996952,0.000701197,0.000783584,0.00114395,0.001281811,0.000753051,0.001293487,0.000631687,0.002242198,0.001502148,0.001432392,0.000966393,0.011614833,0.001639782,0.000919953,0.000692061,0.000813674,0.001407601,0.000939973,0.000986177,0.001163789,0.004424136,0.002065886,0.005079085,0.000828248,0.000950296,0.001219063,0.001050926,0.000941878,0.001112128,0.000998574,0.000931849,0.000913727,0.000960588,0.001905836,0.000946301,0.000999271,0.00110665,0.001200949,0.001498468,0.001037307,0.000976841,0.001078729,0.000938549,0.002691762,0.000994317,0.00083672,0.000673491,0.000805893,0.000948995,0.001480429,0.000631165,0.000867936,0.000624321,0.001362051,0.00077678,0.00098657,0.000735757,0.000841928,0.009206738,0.001986789,0.00321395,0.01471181,0.019572164,0.001748712,0.028963386,0.009125546,0.00254887,0.025196121,0.005108352,0.002054686,0.001394043,0.001977087,0.001773228,0.001259021,0.001240741,0.002737554,0.00672151,0.007903068,0.005011409,0.004231828,0.003066372,0.003185892,0.004133991,0.003194417,0.004601286,0.003879226,0.002995576,0.005563462,0.007054243,0.001967059,0.001496479,0.001324221,0.001361309,0.001318856,0.001081615,0.001319946,0.001226045,0.001288928,0.00133759,0.001182472,0.002628984,0.00241326,0.00239563,0.000139861,6.19E-05,0.000148677,3.92E-05,0.000302238,0.000297527,0,7.93E-05,0,0.004139788,0.00015178,0.000687115,0.00102358,0.000311784,5.76E-06,0.000149249,0.000166625,1.05E-05,0.043016457,0.00571842,0.000827254,3.43E-05,0.001609234,0.002486802,0,4.06E-05,0.002107068,0.012673163,0.003343194,0,0.003154417,0.017101212,0.02109501,0.001701929,0.003180766,0.001292088,0.001090527,0.001360989,0.000760735,0.00156535,0.004067307,0.001221902,label:DRIVE_-_I_M_THE_DRIVER
0.005329089,0.000725025,0.000704424,0.000695832,0.008041452,0.038560306,0.007850188,0.000860552,0.000371519,0.00078211,0.000734963,0.004316871,0.0015222,0.001091308,0.000595009,0.000814452,0.001208139,0.011014515,0.010935784,0.01922538,0.004630731,0.040337212,0.001035267,0.001153688,0.001060184,0.001093826,0.003115929,0.001841621,0.000799084,0.011414415,0.005313293,0.005746389,0.007360811,0.004389281,0.001578109,0.000792447,0.000971664,0.001214591,0.000900552,0.001780786,0.001523666,0.000684062,0.000612116,0.002286703,0.001215698,0.008010785,0.017067497,0.001960753,0.014630471,0.002025475,0.001169663,0.001130859,0.007712171,0.001316899,0.000794302,0.011037539,0.008356791,0.007047805,0.012749453,0.000853858,0.028159874,0.000659727,0.000743218,0.00086438,0.001298779,0.007474265,0.000655404,0.00053586,0.000426524,0.062608085,0.102508621,0.065726301,0.001100559,0.000795683,0.005984385,0.000740672,0.001172693,0.000815733,0.001131706,0.00109862,0.000702423,0.000755319,0.001875522,0.001649646,0.000394612,0.000505284,0.000362133,0.005416533,0.001680108,0.001333744,0.000640168,0.083760873,0.00049337,0.000510937,0.000503513,0.000476813,0.000622092,0.000496758,0.000554614,0.000784593,0.003689142,0.003368453,0.002098149,0.000674204,0.001588289,0.000754954,0.000635611,0.000672598,0.000735503,0.000565203,0.000580742,0.000564609,0.000752281,0.001250759,0.000566758,0.000556777,0.000518824,0.000567484,0.004566618,0.000663447,0.00047431,0.000512848,0.000419589,0.000692316,0.00044726,0.000384192,0.000841769,0.000493016,0.000544278,0.000918778,0.00040919,0.000609733,0.000368962,0.000900982,0.000529607,0.000635662,0.000423367,0.000539689,0.017378284,0.00164916,0.001398584,0.014971654,0.018782365,0.001605128,0.005976484,0.001479268,0.002504382,0.001166928,0.001559808,0.002323003,0.001225758,0.002810387,0.001967849,0.001099209,0.000969114,0.001798691,0.016550037,0.004258186,0.002810449,0.003472894,0.002360516,0.003468195,0.001998259,0.002799408,0.002655384,0.002195686,0.002192222,0.002111795,0.010706869,0.001209741,0.001549469,0.000996926,0.001012398,0.000991253,0.000782621,0.000761487,0.000843235,0.000897895,0.000925261,0.000903609,0.001127248,0.001770351,0.001803216,0.000188084,0.000110529,0.000139016,0.000167526,0.000830208,2.88E-05,0,2.14E-05,0,0.001709022,3.52E-06,7.44E-05,0.00115689,0.000134716,3.57E-06,6.59E-05,4.59E-05,4.70E-06,0.003317699,0.000964679,0.002107092,0.000202681,0.001290288,0.001287708,0,5.53E-06,0.000844856,0.005488616,0.025357406,0,0.001394283,0.013003942,0.035858266,0.000335847,0.001828456,0.000772079,0.000805182,0.001254875,0.001150599,0.001693755,0.003420699,0.001478952,label:DRIVE_-_I_M_A_PASSENGER
0.005227823,0.000907524,0.001215613,0.000952493,0.010636688,0.003815474,0.012058918,0.001238138,0.000383126,0.000997227,0.00224326,0.001085599,0.001348309,0.002345117,0.000861562,0.001249372,0.002074338,0.006826293,0.007405147,0.016019018,0.003758979,0.058591238,0.002719263,0.001235115,0.001312512,0.001489881,0.002601816,0.000856412,0.000743225,0.00087864,0.004435101,0.003167901,0.00322683,0.001076289,0.001777938,0.001086911,0.001219699,0.00112218,0.001093477,0.001391317,0.001507681,0.000927015,0.000878505,0.001730955,0.003017677,0.005506977,0.002597358,0.001927324,0.006405327,0.001540737,0.001215921,0.001637705,0.007321868,0.001586298,0.000982092,0.001291505,0.009453621,0.00559999,0.01019662,0.005782582,0.003241838,0.000809764,0.001066958,0.001088329,0.001447264,0.00784205,0.000823988,0.000802766,0.001280829,0.032417116,0.02249078,0.02045366,0.001318598,0.001501333,0.001389694,0.003743813,0.001558034,0.001404775,0.001468541,0.001091556,0.000749368,0.000744373,0.000809969,0.001091466,0.000579832,0.000555481,0.000488133,0.00367794,0.001506458,0.002814395,0.000768413,0.002937044,0.002296073,0.000495642,0.000431327,0.000478083,0.000591263,0.000540784,0.000672303,0.000635877,0.002902927,0.00925503,0.011718917,0.000889967,0.001201858,0.000923145,0.000727934,0.000722687,0.000828992,0.000642714,0.000678895,0.001084041,0.000681424,0.000928365,0.000658317,0.000650772,0.000883923,0.000792176,0.001588915,0.000687754,0.000689967,0.000939105,0.000563841,0.000712019,0.000670669,0.000508706,0.000688293,0.001128258,0.006883476,0.001000126,0.000518204,0.000596838,0.000510224,0.001030474,0.000571756,0.000661786,0.000524298,0.000601084,0.037798644,0.005626495,0.004106097,0.054212561,0.034407591,0.000965017,0.001324815,0.064267547,0.004311977,0.002751678,0.002385407,0.00179723,0.00162022,0.00328388,0.002874531,0.001652494,0.001350476,0.005141616,0.072624467,0.008835311,0.009763412,0.004361683,0.003371006,0.007024057,0.003683187,0.00270029,0.007772487,0.002888047,0.003253048,0.004681484,0.00340316,0.004096119,0.001908188,0.016204675,0.002503472,0.008497181,0.002019999,0.00135458,0.001768586,0.001852328,0.002461359,0.001339835,0.001726952,0.007055053,0.010069376,4.79E-05,5.72E-05,8.10E-05,2.03E-05,0.000352427,0.000425926,0,0.000185097,0,0.000787045,0.000639802,0.00063789,0.000883719,0.000318066,7.52E-06,0.000166364,0.000206126,1.14E-05,0.003220166,0.001025188,0.000514945,2.51E-05,0.003469418,0.034310516,0,2.34E-05,0.009431756,0.022360592,0.007760103,0,0.00312637,0.007911885,0.014154724,0.002608021,0.002699186,0.000601504,0.000508636,0.009826291,0.003313273,0.00221075,0.005171122,0.002664276,label:LOC_home
